日付,店舗,品目,カテゴリ,金額,支払方法
2026-10-01,サプリメント,健康・美容のサプリメント,わたし/健康・美容,19910,
2026-10-02,ダイレックス 田主丸店,雪メグ おいしい牛乳,食費/乳製品,288,楽天Edy
2026-10-02,ダイレックス 田主丸店,材料3つの無添加パン粉,食費/調味料・その他,159,楽天Edy
2026-10-02,ダイレックス 田主丸店,牛豚合挽ミンチ,食費/肉,683,楽天Edy
2026-10-02,ダイレックス 田主丸店,さつま芋,食費/野菜,213,楽天Edy
2026-10-02,ダイレックス 田主丸店,人参,食費/野菜,149,楽天Edy
2026-10-02,ダイレックス 田主丸店,牛豚合挽ミンチ,食費/肉,1021,楽天Edy
2026-10-02,ダイレックス 田主丸店,ケーキドーナッツ,食費/お菓子,174,楽天Edy
2026-10-02,ダイレックス 田主丸店,丸美屋 ひきわり納豆3P,食費/調味料・その他,98,楽天Edy
2026-10-02,ダイレックス 田主丸店,徳用スライスチーズ 14枚,食費/乳製品,318,楽天Edy
2026-10-02,ダイレックス 田主丸店,とろけるスライス 14枚,食費/乳製品,318,楽天Edy
2026-10-02,ダイレックス 田主丸店,えのき茸,食費/野菜,105,楽天Edy
2026-10-02,ダイレックス 田主丸店,まい茸,食費/野菜,192,楽天Edy
2026-10-02,ダイレックス 田主丸店,ねぎ,食費/野菜,170,楽天Edy
2026-10-02,ダイレックス 田主丸店,ねぎ,食費/野菜,170,楽天Edy
2026-10-02,ダイレックス 田主丸店,しめじ 200g,食費/野菜,170,楽天Edy
2026-10-02,お昼ごはん,サラダとおにぎり,わたし/お昼ごはん,980,
2026-10-02,学校,学級費,子ども/学校・学級費,3000,
2026-10-03,Aコープ よしい店,ポイフル 2個,食費/お菓子,279,現金
2026-10-03,Aコープ よしい店,ヨシイ醤油 寿 1.8L,食費/その他食品,1200,現金
2026-10-03,Aコープ よしい店,四季のつゆ かつお2倍,食費/その他食品,560,現金
2026-10-03,Aコープ よしい店,北海道産ホットケーキミックス,食費/主食,355,現金
2026-10-03,Aコープ よしい店,耳納豚ロース とんかつ用（50%引）,食費/肉,298,現金
2026-10-03,Aコープ よしい店,耳納豚ロース とんかつ用（50%引）,食費/肉,308,現金
2026-10-03,Aコープ よしい店,耳納豚ロース とんかつ用（20%引）,食費/肉,527,現金
2026-10-03,Aコープ よしい店,耳納豚肩ロース とんかつ用（50%引）,食費/肉,459,現金
2026-10-03,Aコープ よしい店,香り薫るむぎ茶ティーバッグ,食費/その他食品,323,現金
2026-10-03,Aコープ よしい店,ブルリン,食費/お菓子,161,現金
2026-10-03,Aコープ よしい店,フレスカーナバナナ,食費/果物,171,現金
2026-10-03,ゲームセンター,子どもたちのゲーム,子ども/遊び・レジャー,700,
2026-10-03,ダイソー イオンタウン田主丸店,ジュニアヘアゴム,子ども/服・日用品,110,現金
2026-10-03,ダイソー イオンタウン田主丸店,光るブレスレット（3本）,子ども/遊び・レジャー,110,現金
2026-10-03,ダイソー イオンタウン田主丸店,着火剤（バーベキュー用）,日用品,110,現金
2026-10-03,ダイソー イオンタウン田主丸店,焼き網 30×50cm,日用品,110,現金
2026-10-03,ダイソー イオンタウン田主丸店,スプレーボトル（ハロウィン）,日用品,110,現金
2026-10-03,BBQの買い出し（レシートなし）,アサヒビール 350ml×6本（概算）,食費/飲み物,1000,
2026-10-03,BBQの買い出し（レシートなし）,子どもたちのジュース（概算）,食費/飲み物,300,
2026-10-03,BBQの買い出し（レシートなし）,お肉・牛乳・ウインナー・炭など（概算）,食費/肉,2200,
2026-10-04,ラ・ムー 田主丸店,麦茶,食費/飲み物,106,現金
2026-10-04,ラ・ムー 田主丸店,てりマヨバーガー,食費/外食・中食,108,現金
2026-10-04,ラ・ムー 田主丸店,フィッシュバーガー,食費/外食・中食,108,現金
2026-10-04,ラ・ムー 田主丸店,チキン南蛮バーガー,食費/外食・中食,171,現金
2026-10-04,ラ・ムー 田主丸店,焼きそばドッグ,食費/外食・中食,107,現金
2026-10-05,電車代,電車代,わたし/交通費,1440,
2026-10-05,施設の入館料,家族での入館料,家族レジャー,1500,
2026-10-05,ダイレックス 田主丸店,酪農牛乳,食費/乳製品,248,楽天Edy
2026-10-05,ダイレックス 田主丸店,鶏卵 白たまご Lサイズ,食費/卵,359,楽天Edy
2026-10-05,ダイレックス 田主丸店,国産若鶏もも身,食費/肉,395,楽天Edy
2026-10-05,ダイレックス 田主丸店,バーモントカレー甘口,食費/その他食品,298,楽天Edy
2026-10-05,ダイレックス 田主丸店,丸美屋 ひきわり納豆3P,食費/その他食品,98,楽天Edy
2026-10-05,ダイレックス 田主丸店,ロイヤルブレッド6枚,食費/主食,178,楽天Edy
2026-10-05,ダイレックス 田主丸店,生詰あわせみそ,食費/その他食品,398,楽天Edy
2026-10-05,ダイレックス 田主丸店,よこわまぐろ刺身（30%引）,食費/魚,301,楽天Edy
2026-10-05,ダイレックス 田主丸店,天然すずき刺身（30%引）,食費/魚,225,楽天Edy
2026-10-05,ダイレックス 田主丸店,よこわまぐろ刺身（30%引）,食費/魚,301,楽天Edy
2026-10-05,ダイレックス 田主丸店,天然かんぱち刺身（30%引）,食費/魚,301,楽天Edy
2026-10-05,ダイレックス 田主丸店,ブラック＆ホワイト,食費/お菓子,228,楽天Edy
2026-10-05,ダイレックス 田主丸店,えのき茸,食費/野菜,105,楽天Edy
2026-10-05,ダイレックス 田主丸店,まい茸,食費/野菜,192,楽天Edy
2026-10-05,ダイレックス 田主丸店,しめじ,食費/野菜,138,楽天Edy
2026-10-05,パン代,わたしのパン,わたし/お昼ごはん,440,
2026-10-05,駐車場代,駐車場代,わたし/交通費,500,
2026-10-05,市県民税,市県民税,税金・保険/住民税,5000,
2026-10-05,国民年金,国民年金,税金・保険/国民年金,17920,
2026-10-05,国民健康保険,国民健康保険,税金・保険/国民健康保険,6900,
2026-10-05,クレジットカード,10月引き落とし（確定額・前月までの利用分）,クレカ引き落とし,135828,クレジットカード
2026-10-06,しまむら 国分店,スポーツウェア,子ども/服・日用品,1419,現金
2026-10-06,しまむら 国分店,スポーツウェア,子ども/服・日用品,1419,現金
2026-10-06,しまむら 国分店,スリッパ,子ども/服・日用品,869,現金
2026-10-06,お弁当,自分用のお弁当,わたし/お昼ごはん,600,
2026-10-06,耳鼻科,診療代,わたし/医療,1370,
